backbone,held_out,algorithm,model,r2,rho_within_n
vit,regime,averaging,b1: n_tasks,0.15814999545171826,-0.7439472331748902
vit,regime,averaging,b2: + norm,0.4399797443892629,0.31492949294929495
vit,regime,averaging,+ cosine,0.621445227356378,0.6726132613261325
vit,regime,averaging,+ sign_conflict,0.6221907929246104,0.6740174017401739
vit,regime,averaging,+ subspace_overlap,0.6500136814721882,0.6769516951695168
vit,regime,averaging,+ cka,0.6908764711273667,0.7118331833183318
vit,regime,averaging,+ drift,0.10628474000178556,-0.7257665766576656
vit,regime,averaging,+ all five,0.6234208728322452,0.6628562856285627
vit,regime,averaging,+ all five + norm,0.6489764328291313,0.6733033303330331
vit,regime,task_arithmetic,b1: n_tasks,0.16278820224625934,-0.7481115739598667
vit,regime,task_arithmetic,b2: + norm,0.4554432424294267,0.3186198619861986
vit,regime,task_arithmetic,+ cosine,0.6382963224600906,0.6887848784878488
vit,regime,task_arithmetic,+ sign_conflict,0.6390182968356787,0.6896129612961295
vit,regime,task_arithmetic,+ subspace_overlap,0.6641286131634978,0.686918691869187
vit,regime,task_arithmetic,+ cka,0.7045110496578704,0.7235583558355835
vit,regime,task_arithmetic,+ drift,0.10926771629807885,-0.7294929492949294
vit,regime,task_arithmetic,+ all five,0.6441851929216988,0.6797659765976596
vit,regime,task_arithmetic,+ all five + norm,0.6706235922969881,0.6884908490849084
vit,regime,ties,b1: n_tasks,0.22086676825481466,-0.6771953000039461
vit,regime,ties,b2: + norm,0.42092336820056686,0.266030603060306
vit,regime,ties,+ cosine,0.5580439633254921,0.6045004500450044
vit,regime,ties,+ sign_conflict,0.5588462216978837,0.6043144314431441
vit,regime,ties,+ subspace_overlap,0.60878946015069,0.6230063006300629
vit,regime,ties,+ cka,0.6479833658335105,0.6582538253825382
vit,regime,ties,+ drift,0.16928900618687226,-0.7123672367236722
vit,regime,ties,+ all five,0.5833716946386225,0.6045304530453044
vit,regime,ties,+ all five + norm,0.6029877738292154,0.6190039003900388
vit,regime,dare,b1: n_tasks,0.03607656093778111,-0.7708929676659138
vit,regime,dare,b2: + norm,0.4320047479616478,0.4107890789078907
vit,regime,dare,+ cosine,0.6068627503229355,0.711119111911191
vit,regime,dare,+ sign_conflict,0.6077910374962952,0.7127032703270326
vit,regime,dare,+ subspace_overlap,0.6515677176753937,0.7187818781878187
vit,regime,dare,+ cka,0.6967005545953775,0.7488388838883887
vit,regime,dare,+ drift,-0.022647707571023634,-0.7010081008100809
vit,regime,dare,+ all five,0.6441335819889746,0.7195379537953795
vit,regime,dare,+ all five + norm,0.6959521239706612,0.7462646264626461
vit,seed,averaging,b1: n_tasks,0.40647057522645846,-0.06547479434766852
vit,seed,averaging,b2: + norm,0.6049009823029747,0.4956855685568556
vit,seed,averaging,+ cosine,0.7666031505586512,0.7284968496849683
vit,seed,averaging,+ sign_conflict,0.7661959923530454,0.7284608460846084
vit,seed,averaging,+ subspace_overlap,0.7626555082760661,0.7107770777077707
vit,seed,averaging,+ cka,0.776101172225554,0.7124752475247524
vit,seed,averaging,+ drift,0.4031048397726169,-0.09927992799279928
vit,seed,averaging,+ all five,0.7726147117635296,0.7112751275127512
vit,seed,averaging,+ all five + norm,0.7865023791497561,0.7119891989198919
vit,seed,task_arithmetic,b1: n_tasks,0.41424421306973835,-0.05300340494811261
vit,seed,task_arithmetic,b2: + norm,0.6182406525890225,0.5005700570057005
vit,seed,task_arithmetic,+ cosine,0.7775151030926158,0.7412361236123611
vit,seed,task_arithmetic,+ sign_conflict,0.7771138107971001,0.7406300630063006
vit,seed,task_arithmetic,+ subspace_overlap,0.7731536524077354,0.7193879387938793
vit,seed,task_arithmetic,+ cka,0.7861707808425071,0.7273147314731472
vit,seed,task_arithmetic,+ drift,0.4112526982617982,-0.07773177317731773
vit,seed,task_arithmetic,+ all five,0.7860580295060239,0.7266546654665467
vit,seed,task_arithmetic,+ all five + norm,0.8009457143827418,0.7256285628562855
vit,seed,ties,b1: n_tasks,0.4359689530327996,-0.07032477911416249
vit,seed,ties,b2: + norm,0.59544752392115,0.4748394839483947
vit,seed,ties,+ cosine,0.726965381133592,0.6714671467146716
vit,seed,ties,+ sign_conflict,0.7265597517202752,0.6708130813081307
vit,seed,ties,+ subspace_overlap,0.7348728013549117,0.6696669666966696
vit,seed,ties,+ cka,0.7558865542622123,0.6789318931893189
vit,seed,ties,+ drift,0.4340604558877471,-0.05893189318931892
vit,seed,ties,+ all five,0.7386504385251975,0.6618541854185418
vit,seed,ties,+ all five + norm,0.7505169006970452,0.662904290429043
vit,seed,dare,b1: n_tasks,0.33564234735651144,-0.03221775594885277
vit,seed,dare,b2: + norm,0.6090489159920945,0.5717191719171916
vit,seed,dare,+ cosine,0.777611735540746,0.772961296129613
vit,seed,dare,+ sign_conflict,0.7770768151162102,0.7724992499249924
vit,seed,dare,+ subspace_overlap,0.7816780510296446,0.7615301530153016
vit,seed,dare,+ cka,0.7895449200584403,0.7588538853885387
vit,seed,dare,+ drift,0.3377325355449584,0.0015601560156015615
vit,seed,dare,+ all five,0.8071303465800086,0.7707710771077106
vit,seed,dare,+ all five + norm,0.8276751331335197,0.778037803780378
resnet,seed,averaging,b1: n_tasks,0.07320394140201292,0.0476462890006631
resnet,seed,averaging,b2: + norm,0.7418100277583681,0.8597560975609756
resnet,seed,averaging,+ cosine,0.47817196193407996,0.7079737335834897
resnet,seed,averaging,+ sign_conflict,0.5068089195983723,0.729924953095685
resnet,seed,averaging,+ subspace_overlap,0.03822998829917945,-0.07401500938086306
resnet,seed,averaging,+ cka,0.7595814637093321,0.826172607879925
resnet,seed,averaging,+ drift,0.8704459295279742,0.9108818011257036
resnet,seed,averaging,+ all five,0.8991819085709907,0.9343339587242028
resnet,seed,averaging,+ all five + norm,0.9255348110604792,0.9593808630393997
resnet,seed,task_arithmetic,b1: n_tasks,0.013108257623513309,0.0563092506371473
resnet,seed,task_arithmetic,b2: + norm,0.6940658017114429,0.8331144465290808
resnet,seed,task_arithmetic,+ cosine,0.49750347143101104,0.7093808630393996
resnet,seed,task_arithmetic,+ sign_conflict,0.5524871548281691,0.7560975609756099
resnet,seed,task_arithmetic,+ subspace_overlap,0.014390191718265166,0.05337711069418387
resnet,seed,task_arithmetic,+ cka,0.7603522257638694,0.8520637898686679
resnet,seed,task_arithmetic,+ drift,0.912873619969814,0.9347091932457786
resnet,seed,task_arithmetic,+ all five,0.9253540930446672,0.9468105065666043
resnet,seed,task_arithmetic,+ all five + norm,0.9259593030794255,0.9512195121951221
resnet,seed,ties,b1: n_tasks,0.0033715430250924605,0.038983327364178894
resnet,seed,ties,b2: + norm,0.6460751027074487,0.8352720450281428
resnet,seed,ties,+ cosine,0.4881704180342531,0.7406191369606006
resnet,seed,ties,+ sign_conflict,0.5196538773390159,0.7676360225140715
resnet,seed,ties,+ subspace_overlap,0.005694905269666539,0.09943714821763602
resnet,seed,ties,+ cka,0.6996857549971518,0.8196060037523452
resnet,seed,ties,+ drift,0.8620092218708855,0.9092870544090058
resnet,seed,ties,+ all five,0.8911553774618246,0.9258911819887432
resnet,seed,ties,+ all five + norm,0.8911179817263462,0.9375234521575987
resnet,seed,dare,b1: n_tasks,0.487698347486175,-0.002165740409121053
resnet,seed,dare,b2: + norm,0.8273232476352347,0.8967166979362101
resnet,seed,dare,+ cosine,0.7265380061926807,0.7826454033771107
resnet,seed,dare,+ sign_conflict,0.7397553966563377,0.802063789868668
resnet,seed,dare,+ subspace_overlap,0.4793576047484248,0.10469043151969984
resnet,seed,dare,+ cka,0.7894549060376893,0.7874296435272046
resnet,seed,dare,+ drift,0.8715110354539415,0.909943714821764
resnet,seed,dare,+ all five,0.8707025910253504,0.9167917448405254
resnet,seed,dare,+ all five + norm,0.8879429103959526,0.9516885553470921
