backbone,algorithm,signal,rho,ci_lo,ci_hi,partial_rho_given_norm,preregistered
vit,averaging,cosine,0.7329372937293729,0.6439854416621239,0.7973761829994387,0.625988003995369,False
vit,averaging,sign_conflict,-0.7337713771377136,-0.7979344557930494,-0.6452935388387545,-0.627324010511505,False
vit,averaging,subspace_overlap,0.72004200420042,0.6243007359448531,0.7903122062847883,0.6310243218728213,False
vit,averaging,cka,0.7236183618361836,0.631176102711917,0.7880319611920774,0.6256389948508067,False
vit,averaging,drift,-0.008586858685868585,-0.16141419366980975,0.14002944595586267,-0.15956039619608564,True
vit,averaging,mean_tau_norm,-0.507194719471947,-0.6043490550096969,-0.3851785056798742,,False
vit,task_arithmetic,cosine,0.7377977797779778,0.652683006526587,0.7991833648560243,0.6411282281175361,True
vit,task_arithmetic,sign_conflict,-0.7386078607860784,-0.8002726554593563,-0.6529318551904835,-0.6423343320416709,False
vit,task_arithmetic,subspace_overlap,0.7233843384338432,0.6325505099040815,0.7897245282447175,0.639683501024108,False
vit,task_arithmetic,cka,0.7325712571257124,0.6444807745780933,0.7946218855655797,0.6451458567275549,False
vit,task_arithmetic,drift,-0.008916891689168914,-0.15908897990769208,0.13468099174548473,-0.1527912317037476,False
vit,task_arithmetic,mean_tau_norm,-0.49246924692469235,-0.5919893574545638,-0.36699536925673726,,False
vit,ties,cosine,0.6752715271527151,0.5688561329075709,0.7571836692536769,0.5528699221772819,False
vit,ties,sign_conflict,-0.6761056105610561,-0.7575899467984222,-0.5706156760323385,-0.5542097334002049,True
vit,ties,subspace_overlap,0.6817641764176418,0.5804482672338892,0.7606301637427773,0.5838879757391472,False
vit,ties,cka,0.6874167416741673,0.584780390803241,0.7670049247754105,0.5849170320931242,False
vit,ties,drift,0.009654965496549655,-0.14047830949184853,0.15625081351007764,-0.12811156092802609,False
vit,ties,mean_tau_norm,-0.48823882388238826,-0.58609486003312,-0.3697044304660632,,False
vit,dare,cosine,0.7744014401440142,0.6911053157589715,0.8306212459752814,0.6680174506961145,False
vit,dare,sign_conflict,-0.7752715271527151,-0.8314856619185843,-0.6918340070750636,-0.669697539078262,False
vit,dare,subspace_overlap,0.7653165316531653,0.6796509867628135,0.8247818569558983,0.6857760527329453,False
vit,dare,cka,0.7651485148514852,0.6810520154185652,0.8238545908822456,0.677279711499775,False
vit,dare,drift,0.02976297629762976,-0.11308037005425843,0.17422109261093813,-0.13367995001323318,False
vit,dare,mean_tau_norm,-0.5623642364236423,-0.6519337783793112,-0.44957462805909026,,False
resnet,averaging,cosine,-0.7223264540337712,-0.8180418055909805,-0.5762840576769305,0.038136513503365124,False
resnet,averaging,sign_conflict,0.7412757973733585,0.6004953912197306,0.8283257407083007,0.00014545522739741745,False
resnet,averaging,subspace_overlap,-0.06303939962476549,-0.29245090686200553,0.17507109167445842,0.4474978426594469,False
resnet,averaging,cka,0.8367729831144466,0.7520604061017792,0.8773911869709984,0.6727627497835262,False
resnet,averaging,drift,0.9208255159474673,0.861790879098312,0.9397690599056725,0.7507756803948566,True
resnet,averaging,mean_tau_norm,-0.8623827392120077,-0.9077227431072461,-0.7693636066928978,,False
resnet,task_arithmetic,cosine,-0.7167917448405254,-0.8123161959918954,-0.5701353041608364,-0.012844390503521153,True
resnet,task_arithmetic,sign_conflict,0.7371482176360227,0.5974003492609116,0.8237566465345592,0.05587352096330202,False
resnet,task_arithmetic,subspace_overlap,-0.01566604127579738,-0.2532891546799574,0.22729947003804687,0.4991092470172191,False
resnet,task_arithmetic,cka,0.8447467166979366,0.7625268458607241,0.8854267440807299,0.6826948862700197,False
resnet,task_arithmetic,drift,0.9210131332082554,0.8595162861258739,0.9398251962229758,0.7559123910534377,False
resnet,task_arithmetic,mean_tau_norm,-0.8423076923076925,-0.8940918618656081,-0.7410504848503615,,False
resnet,ties,cosine,-0.7622889305816136,-0.8442652140014105,-0.6370986630878579,-0.10862965948036618,False
resnet,ties,sign_conflict,0.7821763602251408,0.6658986206920189,0.8553303470709164,0.1538644205286356,True
resnet,ties,subspace_overlap,-0.07157598499061915,-0.3087239194828205,0.16679789975081213,0.432164352880822,False
resnet,ties,cka,0.8244840525328332,0.7361162484865359,0.873522610325465,0.6422770456904873,False
resnet,ties,drift,0.9193245778611633,0.8617093825768294,0.9367328648478698,0.74368998853032,False
resnet,ties,mean_tau_norm,-0.8611632270168859,-0.9119432241926236,-0.7631008940664421,,False
resnet,dare,cosine,-0.7851782363977486,-0.8624996872324632,-0.6556195178837647,-0.10421227845682006,False
resnet,dare,sign_conflict,0.8025328330206382,0.682066582505513,0.8720203647016687,0.14329049718808698,False
resnet,dare,subspace_overlap,-0.1575984990619137,-0.37418694898568555,0.08179314944158501,0.31477276532234105,False
resnet,dare,cka,0.7921200750469044,0.6986195015074288,0.8383723798531877,0.5506648164331107,False
resnet,dare,drift,0.903377110694184,0.8389573091412579,0.9279132994460203,0.6764072742309468,False
resnet,dare,mean_tau_norm,-0.8982176360225143,-0.939155527392035,-0.8130783668267314,,False
