backbone,regime,seed,task,probe_acc,loss1,acc1,loss2,acc2,loss3,acc3,loss4,acc4,loss5,acc5,finetuned_acc,seconds,tau_norm_2dp,tau_norm_3dp
vit_tiny_patch16_224,semantic,0,aquatic_life,67.75,0.7894,80.90,0.4934,82.60,0.3099,84.15,0.1872,84.55,0.1371,85.20,85.20,65,2.72,2.725
vit_tiny_patch16_224,semantic,0,flora_and_insects,75.05,0.5977,84.95,0.3448,84.85,0.2244,87.00,0.1542,87.15,0.1101,87.15,87.15,65,2.53,2.533
vit_tiny_patch16_224,semantic,0,household_and_people,69.85,0.6923,79.10,0.4416,80.90,0.3089,83.75,0.1982,85.15,0.1487,85.15,85.15,65,2.64,2.639
vit_tiny_patch16_224,semantic,0,mammals,66.65,0.7309,80.25,0.4518,82.90,0.2739,84.55,0.1680,86.00,0.1227,86.10,86.10,64,2.67,2.666
vit_tiny_patch16_224,semantic,0,outdoor_and_vehicles,77.50,0.6159,85.95,0.3529,88.35,0.2227,90.70,0.1423,91.05,0.0939,91.40,91.40,64,2.55,2.554
vit_tiny_patch16_224,semantic,1,aquatic_life,67.75,0.8001,79.40,0.4890,82.65,0.2991,83.95,0.1924,84.35,0.1395,84.85,84.85,64,2.73,2.734
vit_tiny_patch16_224,semantic,1,flora_and_insects,75.05,0.5955,84.10,0.3507,85.40,0.2263,86.15,0.1539,88.00,0.1114,88.00,88.00,65,2.55,2.546
vit_tiny_patch16_224,semantic,1,household_and_people,69.85,0.7088,78.85,0.4528,81.10,0.2955,83.40,0.2056,84.50,0.1505,84.70,84.70,64,2.63,2.635
vit_tiny_patch16_224,semantic,1,mammals,66.65,0.7408,78.10,0.4329,81.65,0.2795,85.30,0.1701,86.15,0.1199,86.55,86.55,64,2.68,2.681
vit_tiny_patch16_224,semantic,1,outdoor_and_vehicles,77.50,0.6111,86.75,0.3558,89.60,0.2260,90.00,0.1407,90.75,0.0966,91.40,91.40,64,2.58,2.575
vit_tiny_patch16_224,mix25,0,mix25_0,70.85,0.7245,82.10,0.4209,84.55,0.2688,85.80,0.1620,86.15,0.1113,86.55,86.55,64,2.70,2.702
vit_tiny_patch16_224,mix25,0,mix25_1,81.20,0.4904,90.10,0.2447,90.95,0.1411,92.55,0.0787,93.30,0.0439,93.10,93.10,64,2.57,2.566
vit_tiny_patch16_224,mix25,0,mix25_2,70.25,0.6798,80.65,0.4297,82.05,0.2933,85.20,0.1927,84.90,0.1424,85.20,85.20,64,2.66,2.658
vit_tiny_patch16_224,mix25,0,mix25_3,77.45,0.4853,85.30,0.2654,89.40,0.1505,92.00,0.0827,92.50,0.0514,92.55,92.55,64,2.60,2.597
vit_tiny_patch16_224,mix25,0,mix25_4,81.15,0.5471,88.75,0.3011,90.70,0.1882,92.40,0.1184,91.55,0.0810,92.75,92.75,64,2.56,2.564
vit_tiny_patch16_224,mix25,1,mix25_0,70.85,0.7093,80.45,0.4385,82.75,0.2651,85.20,0.1642,86.15,0.1197,86.55,86.55,64,2.69,2.689
vit_tiny_patch16_224,mix25,1,mix25_1,81.20,0.4824,89.35,0.2578,91.05,0.1408,92.30,0.0768,92.70,0.0471,92.85,92.85,64,2.57,2.572
vit_tiny_patch16_224,mix25,1,mix25_2,70.25,0.6785,80.15,0.4335,82.20,0.2905,83.75,0.1975,85.10,0.1418,85.05,85.05,64,2.64,2.639
vit_tiny_patch16_224,mix25,1,mix25_3,77.45,0.4944,84.20,0.2571,89.75,0.1448,90.80,0.0804,92.25,0.0503,92.15,92.15,65,2.59,2.589
vit_tiny_patch16_224,mix25,1,mix25_4,81.15,0.5504,86.85,0.3148,91.15,0.2027,91.80,0.1225,92.10,0.0810,92.65,92.65,64,2.57,2.572
vit_tiny_patch16_224,mix50,0,mix50_0,76.90,0.5326,84.20,0.3246,88.05,0.1860,88.60,0.1004,89.45,0.0770,90.30,90.30,64,2.63,2.630
vit_tiny_patch16_224,mix50,0,mix50_1,78.95,0.5386,85.95,0.2962,88.25,0.1945,88.90,0.1333,89.30,0.1010,89.80,89.80,64,2.54,2.538
vit_tiny_patch16_224,mix50,0,mix50_2,78.55,0.5203,88.45,0.2658,89.45,0.1663,91.00,0.0937,90.75,0.0609,91.25,91.25,64,2.58,2.581
vit_tiny_patch16_224,mix50,0,mix50_3,76.70,0.5562,86.80,0.2847,88.85,0.1750,89.55,0.0950,90.75,0.0646,90.60,90.60,64,2.63,2.627
vit_tiny_patch16_224,mix50,0,mix50_4,84.00,0.4493,90.20,0.2366,93.55,0.1413,93.60,0.0769,95.35,0.0467,95.45,95.45,64,2.54,2.541
vit_tiny_patch16_224,mix50,1,mix50_0,76.90,0.5559,84.25,0.3094,85.75,0.1903,89.10,0.1067,90.05,0.0707,90.60,90.60,64,2.63,2.634
vit_tiny_patch16_224,mix50,1,mix50_1,78.95,0.5243,85.50,0.2910,88.40,0.2092,89.45,0.1390,89.25,0.1028,89.65,89.65,64,2.52,2.520
vit_tiny_patch16_224,mix50,1,mix50_2,78.55,0.4812,87.10,0.2620,88.95,0.1651,90.50,0.0912,91.75,0.0647,91.90,91.90,64,2.59,2.587
vit_tiny_patch16_224,mix50,1,mix50_3,76.70,0.5715,85.10,0.2937,88.65,0.1718,89.40,0.0997,90.60,0.0616,90.60,90.60,64,2.63,2.630
vit_tiny_patch16_224,mix50,1,mix50_4,84.00,0.4481,90.35,0.2387,92.80,0.1362,93.10,0.0804,94.55,0.0511,94.95,94.95,64,2.54,2.545
vit_tiny_patch16_224,mix75,0,mix75_0,79.70,0.4927,85.20,0.2608,88.15,0.1581,89.80,0.0878,90.55,0.0554,91.00,91.00,64,2.61,2.610
vit_tiny_patch16_224,mix75,0,mix75_1,85.05,0.3652,90.35,0.1822,92.55,0.0951,94.65,0.0402,95.40,0.0191,95.35,95.35,64,2.56,2.561
vit_tiny_patch16_224,mix75,0,mix75_2,81.75,0.4284,89.10,0.2287,91.75,0.1226,93.20,0.0650,93.60,0.0411,93.50,93.50,64,2.58,2.580
vit_tiny_patch16_224,mix75,0,mix75_3,77.90,0.5277,85.80,0.3023,90.75,0.1677,91.50,0.0896,91.45,0.0576,92.05,92.05,64,2.61,2.606
vit_tiny_patch16_224,mix75,0,mix75_4,79.85,0.4942,87.70,0.2556,90.55,0.1668,90.35,0.0952,91.45,0.0721,91.85,91.85,64,2.57,2.566
vit_tiny_patch16_224,mix75,1,mix75_0,79.70,0.4931,86.00,0.2721,88.60,0.1596,89.25,0.0826,89.95,0.0531,90.70,90.70,64,2.59,2.591
vit_tiny_patch16_224,mix75,1,mix75_1,85.05,0.3849,90.00,0.1807,93.45,0.0810,94.50,0.0389,95.60,0.0243,95.65,95.65,64,2.56,2.558
vit_tiny_patch16_224,mix75,1,mix75_2,81.75,0.4485,89.90,0.2297,91.90,0.1324,91.95,0.0691,93.55,0.0399,92.95,92.95,64,2.58,2.578
vit_tiny_patch16_224,mix75,1,mix75_3,77.90,0.5526,88.75,0.2743,89.20,0.1792,91.40,0.0974,92.40,0.0652,92.50,92.50,64,2.60,2.596
vit_tiny_patch16_224,mix75,1,mix75_4,79.85,0.4953,86.85,0.2752,89.85,0.1726,89.90,0.1054,91.30,0.0707,91.35,91.35,64,2.58,2.579
vit_tiny_patch16_224,random,0,random_0,83.60,0.4284,90.55,0.2194,91.90,0.1281,93.15,0.0734,93.90,0.0478,94.35,94.35,64,2.55,2.552
vit_tiny_patch16_224,random,0,random_1,78.35,0.4870,88.60,0.2537,89.60,0.1630,91.85,0.0888,91.80,0.0522,92.30,92.30,64,2.61,2.605
vit_tiny_patch16_224,random,0,random_2,85.55,0.4083,89.40,0.1946,92.05,0.1184,92.80,0.0639,94.10,0.0352,93.80,93.80,64,2.58,2.579
vit_tiny_patch16_224,random,0,random_3,80.75,0.4915,88.35,0.2499,91.55,0.1424,92.85,0.0801,93.20,0.0473,93.45,93.45,64,2.62,2.617
vit_tiny_patch16_224,random,0,random_4,82.25,0.4537,88.95,0.2097,91.55,0.1164,93.45,0.0572,93.50,0.0391,93.55,93.55,64,2.54,2.540
vit_tiny_patch16_224,random,1,random_0,83.60,0.4341,89.35,0.2142,92.45,0.1216,93.35,0.0633,94.55,0.0417,94.85,94.85,64,2.56,2.563
vit_tiny_patch16_224,random,1,random_1,78.35,0.4851,88.30,0.2631,89.25,0.1521,90.10,0.0866,91.65,0.0513,91.70,91.70,64,2.61,2.610
vit_tiny_patch16_224,random,1,random_2,85.55,0.4049,90.20,0.2081,92.70,0.1079,92.25,0.0633,93.90,0.0396,94.10,94.10,64,2.57,2.572
vit_tiny_patch16_224,random,1,random_3,80.75,0.4800,89.55,0.2490,91.65,0.1407,92.80,0.0697,93.40,0.0504,93.40,93.40,64,2.62,2.624
vit_tiny_patch16_224,random,1,random_4,82.25,0.4570,91.05,0.2144,89.80,0.1236,92.55,0.0623,94.05,0.0371,94.15,94.15,64,2.54,2.544
resnet18,semantic,0,aquatic_life,56.65,1.9776,60.05,1.3757,61.35,1.1361,64.70,1.0277,64.90,0.9719,64.75,64.75,56,4.70,4.699
resnet18,semantic,0,flora_and_insects,70.05,1.0856,70.85,0.8043,71.55,0.6595,73.90,0.5837,74.95,0.5262,74.80,74.80,55,4.36,4.364
resnet18,semantic,0,household_and_people,65.20,1.3272,65.70,0.9774,67.50,0.8248,69.70,0.7361,69.45,0.6921,69.85,69.85,55,4.57,4.571
resnet18,semantic,0,mammals,57.05,1.8827,60.55,1.3498,63.75,1.1027,66.15,0.9889,67.45,0.9243,67.85,67.85,54,4.51,4.511
resnet18,semantic,0,outdoor_and_vehicles,72.50,1.1735,76.55,0.8218,79.00,0.6680,79.60,0.5939,80.95,0.5607,80.95,80.95,54,4.43,4.433
resnet18,semantic,1,aquatic_life,56.65,1.9783,60.50,1.3733,62.90,1.1413,63.90,1.0378,64.60,0.9889,65.50,65.50,54,4.70,4.700
resnet18,semantic,1,flora_and_insects,70.05,1.0874,70.20,0.8028,73.65,0.6378,73.85,0.6019,74.90,0.5470,75.25,75.25,55,4.41,4.413
resnet18,semantic,1,household_and_people,65.20,1.3368,65.05,0.9922,67.50,0.8358,69.50,0.7514,70.20,0.6974,69.90,69.90,55,4.56,4.558
resnet18,semantic,1,mammals,57.05,1.8980,60.70,1.3107,63.75,1.1063,65.20,0.9772,67.15,0.9034,67.45,67.45,54,4.64,4.639
resnet18,semantic,1,outdoor_and_vehicles,72.50,1.1372,76.65,0.8320,78.75,0.6917,80.50,0.6069,80.65,0.5541,80.95,80.95,54,4.40,4.404
resnet18,random,0,random_0,83.45,0.6649,83.35,0.4583,84.35,0.3761,86.10,0.3219,87.45,0.2966,87.15,87.15,54,4.34,4.345
resnet18,random,0,random_1,73.90,1.1062,76.80,0.8065,77.80,0.6248,80.70,0.5492,80.60,0.4932,81.20,81.20,54,4.54,4.538
resnet18,random,0,random_2,80.65,0.6761,81.40,0.5199,83.75,0.3907,85.25,0.3323,85.60,0.2973,85.75,85.75,54,4.36,4.359
resnet18,random,0,random_3,77.65,0.8316,78.20,0.5948,80.75,0.4564,81.35,0.4027,81.55,0.3589,81.70,81.70,54,4.46,4.459
resnet18,random,0,random_4,81.55,0.6573,82.20,0.4908,84.40,0.3488,85.55,0.2987,86.05,0.2762,85.80,85.80,54,4.33,4.330
resnet18,random,1,random_0,83.45,0.6534,83.55,0.4532,85.00,0.3758,86.50,0.3242,87.30,0.2854,87.35,87.35,54,4.37,4.375
resnet18,random,1,random_1,73.90,1.0625,75.45,0.7962,78.70,0.6110,79.80,0.5293,80.75,0.5019,80.75,80.75,54,4.49,4.492
resnet18,random,1,random_2,80.65,0.6530,82.20,0.4951,83.95,0.3907,84.25,0.3303,85.15,0.2943,85.60,85.60,54,4.33,4.329
resnet18,random,1,random_3,77.65,0.8449,80.85,0.6028,80.50,0.4665,81.55,0.4026,81.95,0.3598,81.80,81.80,54,4.47,4.468
resnet18,random,1,random_4,81.55,0.6269,83.50,0.4620,84.30,0.3550,84.45,0.3136,85.75,0.2920,85.55,85.55,54,4.29,4.292
